SRR14381429_cap3_Contig-1	25764	0.0	87.855	3631	YP_006908641	ORF1ab polyprotein [Rousettus bat coronavirus HKU10]	1241933
SRR14381429_cap3_Contig-2	10510	1.04e-148	33.367	1001	YP_009330050	hypothetical protein [Hubei myriapoda virus 1]	1922930
SRR14381429_cap3_Contig-3	8467	0.0	97.051	2272	YP_009724389	ORF1ab polyprotein [Severe acute respiratory syndrome coronavirus 2]	2697049
SRR14381429_cap3_Contig-4	7738	0.0	29.943	2625	YP_009330050	hypothetical protein [Hubei myriapoda virus 1]	1922930
SRR14381429_cap3_Contig-5	7030	1.26e-91	34.032	620	NP_049374	polyprotein [Sacbrood virus]	89463
SRR14381429_cap3_Contig-6	6580	0.0	67.493	686	YP_010800904	putative replicase [Jimsystermes virus]	2796600
SRR14381429_cap3_Contig-7	6236	6.14e-120	27.202	1419	YP_009330050	hypothetical protein [Hubei myriapoda virus 1]	1922930
SRR14381429_cap3_Contig-8	6168	0.0	39.638	1713	YP_009337724	hypothetical protein 2 [Hubei picorna-like virus 51]	1923133
SRR14381429_cap3_Contig-9	5981	2.07e-112	36.018	683	YP_009337276	RdRp [Hubei permutotetra-like virus 11]	1923075
SRR14381429_cap3_Contig-10	5586	4.49e-51	25.599	793	YP_009407937	RNA-dependent RNA polymerase [Solenopsis invicta virus 4]	2018500
SRR14381429_cap3_Contig-11	5417	0.0	36.140	1663	YP_009342321	hypothetical protein [Wuhan insect virus 13]	1923717
SRR14381429_cap3_Contig-12	4794	1.42e-26	30.220	364	YP_009337419	polyprotein [Beihai zhaovirus-like virus 1]	1922757
SRR14381429_cap3_Contig-13	4675	0.0	64.396	778	YP_009505809	capsid protein precursor [Bat astrovirus Hp/Guangxi/LC03/2007]	627538
SRR14381429_cap3_Contig-14	4630	0.0	68.061	789	YP_009505809	capsid protein precursor [Bat astrovirus Hp/Guangxi/LC03/2007]	627538
SRR14381429_cap3_Contig-15	4505	3.42e-177	30.168	1548	YP_009330050	hypothetical protein [Hubei myriapoda virus 1]	1922930
SRR14381429_cap3_Contig-16	4492	0.0	48.400	1469	YP_009345900	polyprotein [Crohivirus B]	2169854
SRR14381429_cap3_Contig-17	4136	8.95e-150	33.636	990	YP_009330050	hypothetical protein [Hubei myriapoda virus 1]	1922930
SRR14381429_cap3_Contig-18	4048	1.06e-112	34.388	727	YP_003038595	non-structural protein [Drosophila A virus]	595895
SRR14381429_cap3_Contig-19	4020	1.42e-100	29.257	875	YP_010840745	L protein [Browner virus]	2600347
SRR14381429_cap3_Contig-20	3437	2.65e-51	45.415	229	YP_009272901	RNA-dependent RNA polymerase [Fusarium poae mitovirus 4]	1848153
SRR14381429_cap3_Contig-21	3159	0.0	46.890	836	YP_009336575	hypothetical protein [Hubei picorna-like virus 29]	1923109
SRR14381429_cap3_Contig-22	3151	9.67e-20	23.427	747	YP_009333140	RNA-dependent RNA polymerase [Beihai narna-like virus 21]	1922449
SRR14381429_cap3_Contig-23	3115	0.0	43.645	834	YP_009336575	hypothetical protein [Hubei picorna-like virus 29]	1923109
SRR14381429_cap3_Contig-24	3058	5.55e-114	32.706	850	YP_006905858	ORF1a [Astrovirus VA3]	683174
SRR14381429_cap3_Contig-25	3051	5.47e-37	33.989	356	YP_009342053	hypothetical protein [Wuhan coneheads virus 1]	1923695
SRR14381429_cap3_Contig-26	3036	2.40e-79	35.565	478	YP_009344999	hypothetical protein 2 [Wuhan spider virus 9]	1923758
SRR14381429_cap3_Contig-27	2954	2.79e-105	35.725	669	YP_009337200	RNA-dependent RNA polymerase [Wenling narna-like virus 9]	1923509
SRR14381429_cap3_Contig-28	2915	1.20e-159	39.519	873	YP_009333179	RNA-dependent RNA polymerase [Beihai barnacle virus 10]	1922354
SRR14381429_cap3_Contig-29	2855	8.43e-76	42.308	364	YP_009342461	hypothetical protein [Wuhan heteroptera virus 2]	1923702
SRR14381429_cap3_Contig-30	2850	7.81e-151	38.910	789	YP_009342053	hypothetical protein [Wuhan coneheads virus 1]	1923695
SRR14381429_cap3_Contig-31	2827	3.93e-71	36.434	387	YP_009342461	hypothetical protein [Wuhan heteroptera virus 2]	1923702
SRR14381429_cap3_Contig-32	2816	7.56e-153	38.076	759	YP_009330050	hypothetical protein [Hubei myriapoda virus 1]	1922930
SRR14381429_cap3_Contig-33	2813	0.0	47.519	907	YP_009508298	polyprotein [Shanbavirus A]	2170191
SRR14381429_cap3_Contig-34	2734	0.0	38.801	951	YP_009337381	hypothetical protein [Hubei picorna-like virus 80]	1923165
SRR14381429_cap3_Contig-35	2723	2.24e-173	38.105	929	YP_009666282	RNA-dependent RNA polymerase [Drosophila unispina virus 1]	1802951
SRR14381429_cap3_Contig-36	2707	2.94e-124	39.020	592	YP_009342321	hypothetical protein [Wuhan insect virus 13]	1923717
SRR14381429_cap3_Contig-37	2682	7.69e-120	36.826	649	YP_009330050	hypothetical protein [Hubei myriapoda virus 1]	1922930
SRR14381429_cap3_Contig-38	2682	2.07e-92	34.320	743	YP_009337200	RNA-dependent RNA polymerase [Wenling narna-like virus 9]	1923509
SRR14381429_cap3_Contig-39	2627	4.40e-154	39.871	775	YP_009342053	hypothetical protein [Wuhan coneheads virus 1]	1923695
SRR14381429_cap3_Contig-40	2476	0.0	66.709	787	YP_009505809	capsid protein precursor [Bat astrovirus Hp/Guangxi/LC03/2007]	627538
SRR14381429_cap3_Contig-41	2450	0.0	51.729	781	YP_009664789	capsid protein precursor [Mamastrovirus 18]	1239582
SRR14381429_cap3_Contig-42	2443	3.20e-33	26.250	640	YP_009553634	RNA-dependent RNA polymerase [Blechomonas luni narnavirus 1]	2364200
SRR14381429_cap3_Contig-43	2436	0.0	94.828	812	YP_004782204	polyprotein [Bat picornavirus 3]	1074865
SRR14381429_cap3_Contig-44	2413	0.0	61.319	455	YP_009337696	hypothetical protein 1 [Hubei picorna-like virus 78]	1923162
SRR14381429_cap3_Contig-45	2294	2.06e-177	44.487	780	YP_009336575	hypothetical protein [Hubei picorna-like virus 29]	1923109
SRR14381429_cap3_Contig-46	2245	5.02e-88	31.977	688	YP_003090287	non-structural protein 1a [Astrovirus VA1]	645687
SRR14381429_cap3_Contig-47	2217	1.86e-151	36.375	767	YP_009508298	polyprotein [Shanbavirus A]	2170191
SRR14381429_cap3_Contig-48	2193	1.73e-129	38.483	725	YP_009342053	hypothetical protein [Wuhan coneheads virus 1]	1923695
SRR14381429_cap3_Contig-49	2142	6.54e-146	52.381	399	YP_009336659	hypothetical protein 2 [Hubei tombus-like virus 17]	1923263
SRR14381429_cap3_Contig-50	1985	3.56e-30	24.647	637	NP_660178	RNA-dependent RNA polymerase [Saccharomyces 20S RNA narnavirus]	186772
SRR14381429_cap3_Contig-51	1944	1.23e-118	35.542	664	YP_009330050	hypothetical protein [Hubei myriapoda virus 1]	1922930
SRR14381429_cap3_Contig-52	1935	2.31e-107	46.212	396	YP_009329982	hypothetical protein 1 [Hubei sobemo-like virus 9]	1923242
SRR14381429_cap3_Contig-53	1932	0.0	64.541	643	YP_010800904	putative replicase [Jimsystermes virus]	2796600
SRR14381429_cap3_Contig-54	1932	4.55e-29	25.044	563	NP_660178	RNA-dependent RNA polymerase [Saccharomyces 20S RNA narnavirus]	186772
SRR14381429_cap3_Contig-55	1875	0.0	57.642	458	YP_009664783	non-structural polyprotein 1AB, partial [Bat astrovirus Tm/Guangxi/LD77/2007]	627585
SRR14381429_cap3_Contig-56	1794	2.80e-73	30.757	621	YP_006905858	ORF1a [Astrovirus VA3]	683174
SRR14381429_cap3_Contig-57	1709	2.67e-58	31.408	554	YP_009336575	hypothetical protein [Hubei picorna-like virus 29]	1923109
SRR14381429_cap3_Contig-58	1687	1.19e-124	41.996	531	YP_010840456	polymerase PB1 [Araguari virus]	352236
SRR14381429_cap3_Contig-59	1687	0.0	55.888	501	YP_009305421	polyprotein [Moku virus]	1906245
SRR14381429_cap3_Contig-60	1686	2.05e-34	29.769	346	YP_009336702	RNA-dependent RNA polymerase [Sanxia narna-like virus 1]	1923360
SRR14381429_cap3_Contig-61	1642	3.59e-161	49.265	544	YP_009666282	RNA-dependent RNA polymerase [Drosophila unispina virus 1]	1802951
SRR14381429_cap3_Contig-62	1612	2.07e-130	53.067	375	YP_009329996	hypothetical protein 2 [Hubei sobemo-like virus 47]	1923235
SRR14381429_cap3_Contig-63	1597	0.0	59.960	497	YP_007419077	RNA-dependent RNA polymerase [Rosellinia necatrix partitivirus 2]	859651
SRR14381429_cap3_Contig-64	1580	3.72e-121	42.004	469	YP_009329882	RdRp [Wuhan insect virus 23]	1923727
SRR14381429_cap3_Contig-65	1562	3.80e-12	26.633	398	YP_009337166	RNA-dependent RNA polymerase [Wenling narna-like virus 7]	1923507
SRR14381429_cap3_Contig-66	1501	1.36e-81	34.195	503	YP_009330050	hypothetical protein [Hubei myriapoda virus 1]	1922930
SRR14381429_cap3_Contig-67	1485	1.52e-84	46.450	338	NP_795336	capsid protein precursor [Mamastrovirus 10]	1239574
SRR14381429_cap3_Contig-68	1483	4.54e-174	87.762	286	YP_004782204	polyprotein [Bat picornavirus 3]	1074865
SRR14381429_cap3_Contig-69	1479	0.37	26.984	63	YP_009293107	hypothetical protein BIZ81_gp144 [Erwinia phage vB_EamM_Huxley]	1883373
SRR14381429_cap3_Contig-70	1433	1.47e-94	40.421	475	YP_009342053	hypothetical protein [Wuhan coneheads virus 1]	1923695
SRR14381429_cap3_Contig-71	1347	0.0	59.583	480	YP_009337723	hypothetical protein 1 [Hubei picorna-like virus 51]	1923133
SRR14381429_cap3_Contig-72	1346	5.36e-111	45.750	400	YP_009330050	hypothetical protein [Hubei myriapoda virus 1]	1922930
SRR14381429_cap3_Contig-73	1330	1.55e-32	34.328	335	YP_009337805	RNA-dependent RNA polymerase [Hubei narna-like virus 13]	1922943
SRR14381429_cap3_Contig-74	1296	0.0	93.029	373	YP_004782204	polyprotein [Bat picornavirus 3]	1074865
SRR14381429_cap3_Contig-75	1274	2.55e-74	40.609	394	YP_009342053	hypothetical protein [Wuhan coneheads virus 1]	1923695
SRR14381429_cap3_Contig-76	1224	0.0	84.767	407	YP_004782204	polyprotein [Bat picornavirus 3]	1074865
SRR14381429_cap3_Contig-77	1141	7.28e-19	27.586	261	YP_009333354	RNA-dependent RNA polymerase [Wuhan heteroptera virus 3]	1923703
SRR14381429_cap3_Contig-78	1130	2.53e-35	29.368	269	YP_009337038	hypothetical protein [Hubei picorna-like virus 63]	1923146
SRR14381429_cap3_Contig-79	1123	4.97e-129	51.467	375	YP_009345900	polyprotein [Crohivirus B]	2169854
SRR14381429_cap3_Contig-80	1121	3.83e-46	34.540	359	YP_009342053	hypothetical protein [Wuhan coneheads virus 1]	1923695
SRR14381429_cap3_Contig-81	1045	1.24e-56	32.682	358	YP_009330050	hypothetical protein [Hubei myriapoda virus 1]	1922930
SRR14381429_cap3_Contig-82	1023	2.23e-52	35.161	310	YP_009111311	polyprotein [Dinocampus coccinellae paralysis virus]	1541119
SRR14381429_cap3_Contig-83	1010	4.75e-49	32.164	342	YP_009336552	hypothetical protein [Hubei tick virus 1]	1923252
SRR14381429_cap3_Contig-84	1000	2.17e-13	31.016	187	YP_009508298	polyprotein [Shanbavirus A]	2170191
SRR14381429_cap3_Contig-85	986	2.91e-28	28.371	356	NP_733846	capsid protein precursor, partial [Aphid lethal paralysis virus]	209529
SRR14381429_cap3_Contig-86	964	2.88e-45	37.309	327	YP_009342053	hypothetical protein [Wuhan coneheads virus 1]	1923695
SRR14381429_cap3_Contig-87	950	7.53e-19	28.364	275	YP_010839305	putative RNA dependent RNA polymerase [Maize rough dwarf virus]	10989
SRR14381429_cap3_Contig-88	916	5.45e-45	31.629	313	YP_009330050	hypothetical protein [Hubei myriapoda virus 1]	1922930
SRR14381429_cap3_Contig-89	908	8.82e-151	76.842	285	YP_009305421	polyprotein [Moku virus]	1906245
SRR14381429_cap3_Contig-90	896	1.76e-17	28.016	257	YP_004782205	ORF1a [Mouse astrovirus M-52/USA/2008]	1074210
SRR14381429_cap3_Contig-91	882	1.73e-114	63.139	274	YP_009111311	polyprotein [Dinocampus coccinellae paralysis virus]	1541119
SRR14381429_cap3_Contig-92	855	2.52e-40	40.529	227	YP_010771145	RNA-directed RNA polymerase [ssRNA phage Zoerhiza.2_18]	2786797
SRR14381429_cap3_Contig-93	805	1.59e-45	35.926	270	YP_009337284	hypothetical protein [Hubei picorna-like virus 28]	1923108
SRR14381429_cap3_Contig-94	805	1.28e-50	38.909	275	YP_009329869	RdRp [Beihai barnacle virus 13]	1922357
SRR14381429_cap3_Contig-95	799	2.46e-130	66.415	265	YP_271922	putative dsRNA-dependent RNA polymerase [Penicillium stoloniferum virus F]	296210
SRR14381429_cap3_Contig-96	789	1.90e-53	43.145	248	YP_009337188	hypothetical protein 2 [Sanxia tombus-like virus 5]	1923389
SRR14381429_cap3_Contig-97	786	1.46e-35	35.426	223	YP_009111311	polyprotein [Dinocampus coccinellae paralysis virus]	1541119
SRR14381429_cap3_Contig-98	780	2.78e-132	68.340	259	YP_009664790	non-structural polyprotein 1AB, partial [Bat astrovirus Tm/Guangxi/LD38/2007]	627576
SRR14381429_cap3_Contig-99	775	6.04e-119	67.054	258	YP_009305421	polyprotein [Moku virus]	1906245
SRR14381429_cap3_Contig-100	752	1.65e-41	42.731	227	YP_009342053	hypothetical protein [Wuhan coneheads virus 1]	1923695
SRR14381429_cap3_Contig-101	735	8.69e-42	40.094	212	YP_009111311	polyprotein [Dinocampus coccinellae paralysis virus]	1541119
SRR14381429_cap3_Contig-102	734	3.09e-36	32.627	236	YP_009111311	polyprotein [Dinocampus coccinellae paralysis virus]	1541119
SRR14381429_cap3_Contig-103	724	1.15e-89	58.294	211	YP_271922	putative dsRNA-dependent RNA polymerase [Penicillium stoloniferum virus F]	296210
SRR14381429_cap3_Contig-104	719	7.83e-37	35.426	223	YP_009337284	hypothetical protein [Hubei picorna-like virus 28]	1923108
SRR14381429_cap3_Contig-105	715	3.51e-64	60.819	171	YP_009664790	non-structural polyprotein 1AB, partial [Bat astrovirus Tm/Guangxi/LD38/2007]	627576
SRR14381429_cap3_Contig-106	692	5.41e-69	50.000	226	YP_009336575	hypothetical protein [Hubei picorna-like virus 29]	1923109
SRR14381429_cap3_Contig-107	685	1.60e-89	58.590	227	YP_007419077	RNA-dependent RNA polymerase [Rosellinia necatrix partitivirus 2]	859651
SRR14381429_cap3_Contig-108	676	2.92e-23	28.723	188	YP_009330273	RNA-dependent RNA polymerase [Beihai sesarmid crab virus 4]	1922664
SRR14381429_cap3_Contig-109	627	2.47e-63	50.481	208	YP_009336575	hypothetical protein [Hubei picorna-like virus 29]	1923109
SRR14381429_cap3_Contig-110	627	6.97e-36	38.191	199	YP_009111311	polyprotein [Dinocampus coccinellae paralysis virus]	1541119
SRR14381429_cap3_Contig-111	617	3.28e-24	36.943	157	YP_009336629	hypothetical protein [Hubei arthropod virus 1]	1922835
SRR14381429_cap3_Contig-112	612	4.73e-61	51.220	205	YP_009337416	hypothetical protein 2 [Hubei picorna-like virus 79]	1923163
SRR14381429_cap3_Contig-113	606	1.33e-112	93.143	175	YP_009505809	capsid protein precursor [Bat astrovirus Hp/Guangxi/LC03/2007]	627538
SRR14381429_cap3_Contig-114	580	4.01e-33	38.542	192	YP_009111311	polyprotein [Dinocampus coccinellae paralysis virus]	1541119
SRR14381429_cap3_Contig-115	578	1.07e-27	33.498	203	YP_009329887	RNA-dependent RNA polymerase [Hubei odonate virus 8]	1923003
SRR14381429_cap3_Contig-116	576	9.63e-35	38.462	195	YP_009111311	polyprotein [Dinocampus coccinellae paralysis virus]	1541119
SRR14381429_cap3_Contig-117	556	2.84e-39	48.370	184	YP_009330050	hypothetical protein [Hubei myriapoda virus 1]	1922930
SRR14381429_cap3_Contig-118	551	5.08e-35	41.243	177	YP_009111311	polyprotein [Dinocampus coccinellae paralysis virus]	1541119
SRR14381429_cap3_Contig-119	550	6.43e-33	36.264	182	YP_009337284	hypothetical protein [Hubei picorna-like virus 28]	1923108
SRR14381429_cap3_Contig-120	548	1.67e-31	46.296	162	YP_009342053	hypothetical protein [Wuhan coneheads virus 1]	1923695
SRR14381429_cap3_Contig-121	548	9.32e-42	45.087	173	YP_009342053	hypothetical protein [Wuhan coneheads virus 1]	1923695
SRR14381429_cap3_Contig-122	542	1.16e-27	35.165	182	YP_009111311	polyprotein [Dinocampus coccinellae paralysis virus]	1541119
SRR14381429_cap3_Contig-123	531	1.13e-22	36.932	176	YP_052856	RNA-dependent RNA polymerase [Penicillium stoloniferum virus S]	216371
SRR14381429_cap3_Contig-124	530	2.06e-32	47.468	158	YP_009342053	hypothetical protein [Wuhan coneheads virus 1]	1923695
SRR14381429_cap3_Contig-125	529	3.98e-33	45.402	174	YP_009342053	hypothetical protein [Wuhan coneheads virus 1]	1923695
SRR14381429_cap3_Contig-126	521	2.73e-29	35.260	173	YP_009337284	hypothetical protein [Hubei picorna-like virus 28]	1923108
SRR14381429_cap3_Contig-127	509	3.03e-27	35.185	162	YP_009330050	hypothetical protein [Hubei myriapoda virus 1]	1922930
SRR14381429_cap3_Contig-128	502	3.64e-17	33.824	136	YP_009337722	hypothetical protein [Hubei picorna-like virus 30]	1923110
SRR14381429_cap3_Contig-129	499	5.30e-25	32.727	165	YP_009330050	hypothetical protein [Hubei myriapoda virus 1]	1922930
SRR14381429_cap3_Contig-130	496	4.46e-19	38.136	118	YP_009330050	hypothetical protein [Hubei myriapoda virus 1]	1922930
SRR14381429_cap3_Contig-131	494	2.41e-31	47.059	153	YP_009342053	hypothetical protein [Wuhan coneheads virus 1]	1923695
SRR14381429_cap3_Contig-132	489	7.28e-15	35.664	143	YP_009342321	hypothetical protein [Wuhan insect virus 13]	1923717
SRR14381429_cap3_Contig-133	486	1.60e-29	35.294	170	YP_009337284	hypothetical protein [Hubei picorna-like virus 28]	1923108
SRR14381429_cap3_Contig-134	485	5.39e-24	32.075	159	YP_009330050	hypothetical protein [Hubei myriapoda virus 1]	1922930
SRR14381429_cap3_Contig-135	478	2.79e-24	32.911	158	YP_009330050	hypothetical protein [Hubei myriapoda virus 1]	1922930
SRR14381429_cap3_Contig-136	463	2.07e-43	54.430	158	YP_009505809	capsid protein precursor [Bat astrovirus Hp/Guangxi/LC03/2007]	627538
SRR14381429_cap3_Contig-137	448	1.21e-43	50.000	148	YP_010770801	RNA-directed RNA polymerase, partial [ssRNA phage Gerhypos.2_13]	2786245
SRR14381429_cap3_Contig-138	438	1.68e-17	37.500	144	YP_009047246	ORF1AB nonstructural polyprotein [Bovine astrovirus CH13]	1522059
SRR14381429_cap3_Contig-139	438	2.00e-14	36.000	125	YP_009407949	RNA-dependent RNA polymerase [Myrmica scabrinodis virus 1]	2018502
SRR14381429_cap3_Contig-140	426	9.77e-11	29.412	136	YP_009552755	RNA-dependent RNA polymerase [Blechomonas wendygibsoni narnavirus 1]	2364201
SRR14381429_cap3_Contig-141	422	2.57e-33	46.853	143	YP_006905858	ORF1a [Astrovirus VA3]	683174
SRR14381429_cap3_Contig-142	421	7.29e-05	40.000	60	YP_009337166	RNA-dependent RNA polymerase [Wenling narna-like virus 7]	1923507
SRR14381429_cap3_Contig-143	417	7.46e-18	31.944	144	YP_009337003	hypothetical protein [Hubei picorna-like virus 26]	1923106
SRR14381429_cap3_Contig-144	413	3.74e-42	48.175	137	YP_009336994	hypothetical protein 1 [Wenzhou picorna-like virus 28]	1923613
SRR14381429_cap3_Contig-145	408	3.79e-05	35.455	110	NP_059944	nonstructural protein, putative serine protase [Mamastrovirus 13]	1239577
SRR14381429_cap3_Contig-146	407	9.81e-33	44.697	132	YP_009330050	hypothetical protein [Hubei myriapoda virus 1]	1922930
SRR14381429_cap3_Contig-147	406	2.76e-18	35.115	131	YP_009330283	RNA-dependent RNA polymerase [Hubei lepidoptera virus 1]	1922903
SRR14381429_cap3_Contig-148	406	1.40e-14	36.207	116	YP_009345033	hypothetical protein 2 [Wuhan insect virus 33]	1923736
SRR14381429_cap3_Contig-149	402	1.61e-16	33.588	131	YP_009337003	hypothetical protein [Hubei picorna-like virus 26]	1923106
SRR14381429_cap3_Contig-150	397	1.90e-37	57.576	132	YP_010771161	RNA-directed RNA polymerase [ssRNA phage Gerhypos.2_11]	2786243
SRR14381429_cap3_Contig-151	396	6.37e-44	59.231	130	YP_009505809	capsid protein precursor [Bat astrovirus Hp/Guangxi/LC03/2007]	627538
SRR14381429_cap3_Contig-152	393	5.67e-38	79.747	79	YP_009664791	capsid protein precursor [Bat astrovirus Tm/Guangxi/LD38/2007]	627576
SRR14381429_cap3_Contig-153	390	2.17e-27	41.085	129	YP_010086265	large protein [Lentinula edodes negative-strand RNA virus 2]	2547431
SRR14381429_cap3_Contig-154	383	7.42e-35	68.817	93	YP_009182163	RNA dependent RNA polymerase [Botrytis cinerea mitovirus 4]	1629667
SRR14381429_cap3_Contig-155	379	1.79e-05	26.772	127	YP_010805613	MAG: RNA dependent RNA polymerase [Xiangshan Nyami-like virus]	2886229
SRR14381429_cap3_Contig-156	373	1.8	44.118	34	NP_783309	p30-VPg [Feline calicivirus]	11978
SRR14381429_cap3_Contig-157	372	1.80e-21	40.496	121	YP_009336575	hypothetical protein [Hubei picorna-like virus 29]	1923109
SRR14381429_cap3_Contig-158	371	1.45e-24	38.655	119	YP_009508298	polyprotein [Shanbavirus A]	2170191
SRR14381429_cap3_Contig-159	371	1.20e-33	49.180	122	YP_010770185	RNA-directed RNA polymerase [ssRNA phage SRR6255746_1]	2786503
SRR14381429_cap3_Contig-160	367	3.17e-13	70.455	44	YP_010799974	RNA-dependent RNA polymerase [Heterobasidion mitovirus 3]	2603543
SRR14381429_cap3_Contig-161	367	5.34e-67	85.950	121	YP_004782204	polyprotein [Bat picornavirus 3]	1074865
SRR14381429_cap3_Contig-162	366	5.35e-23	66.087	115	YP_009505809	capsid protein precursor [Bat astrovirus Hp/Guangxi/LC03/2007]	627538
SRR14381429_cap3_Contig-163	361	1.88e-11	43.182	88	YP_009342461	hypothetical protein [Wuhan heteroptera virus 2]	1923702
SRR14381429_cap3_Contig-164	355	3.40e-16	32.456	114	YP_009330050	hypothetical protein [Hubei myriapoda virus 1]	1922930
SRR14381429_cap3_Contig-165	352	1.77e-04	36.170	94	YP_009337166	RNA-dependent RNA polymerase [Wenling narna-like virus 7]	1923507
SRR14381429_cap3_Contig-166	350	1.8	29.787	47	YP_009551575	hypothetical protein [Daphnis nerii cypovirus]	1986950
SRR14381429_cap3_Contig-167	349	9.79e-34	54.902	102	YP_010771295	RNA-directed RNA polymerase [ssRNA phage Zoerhiza.3_7]	2786824
SRR14381429_cap3_Contig-168	347	3.00e-12	30.476	105	YP_009333547	hypothetical protein 1 [Beihai picorna-like virus 72]	1922619
SRR14381429_cap3_Contig-169	347	1.55e-51	71.304	115	YP_009505809	capsid protein precursor [Bat astrovirus Hp/Guangxi/LC03/2007]	627538
SRR14381429_cap3_Contig-170	342	1.19e-58	76.316	114	YP_009664790	non-structural polyprotein 1AB, partial [Bat astrovirus Tm/Guangxi/LD38/2007]	627576
SRR14381429_cap3_Contig-171	340	2.90e-11	63.158	38	YP_009329869	RdRp [Beihai barnacle virus 13]	1922357
SRR14381429_cap3_Contig-172	339	7.63e-18	35.398	113	YP_009330050	hypothetical protein [Hubei myriapoda virus 1]	1922930
SRR14381429_cap3_Contig-173	339	4.73e-05	35.802	81	YP_009047079	ORF1a [Human astrovirus BF34]	1518575
SRR14381429_cap3_Contig-174	337	2.12e-18	46.000	100	YP_009342053	hypothetical protein [Wuhan coneheads virus 1]	1923695
SRR14381429_cap3_Contig-175	335	4.19e-16	36.735	98	YP_009330050	hypothetical protein [Hubei myriapoda virus 1]	1922930
SRR14381429_cap3_Contig-176	334	5.47e-40	61.818	110	YP_009336575	hypothetical protein [Hubei picorna-like virus 29]	1923109
SRR14381429_cap3_Contig-177	331	1.38e-31	61.000	100	YP_009505809	capsid protein precursor [Bat astrovirus Hp/Guangxi/LC03/2007]	627538
SRR14381429_cap3_Contig-178	329	1.54e-16	36.735	98	YP_009330050	hypothetical protein [Hubei myriapoda virus 1]	1922930
SRR14381429_cap3_Contig-179	329	6.31e-29	51.961	102	YP_009330055	hypothetical protein [Hubei picorna-like virus 31]	1923111
SRR14381429_cap3_Contig-180	327	7.49e-11	49.153	59	YP_009329963	hypothetical protein 1 [Hubei earwig virus 3]	1922892
SRR14381429_cap3_Contig-181	327	1.04e-14	33.673	98	YP_009330050	hypothetical protein [Hubei myriapoda virus 1]	1922930
SRR14381429_cap3_Contig-182	325	5.87e-45	64.486	107	YP_009407943	RNA-dependent RNA polymerase, partial [Lasius niger virus 1]	2018503
SRR14381429_cap3_Contig-183	322	2.75e-05	35.443	79	YP_003275951	non-structural protein [HMO Astrovirus A]	682382
SRR14381429_cap3_Contig-184	321	6.32e-35	62.500	104	YP_009505809	capsid protein precursor [Bat astrovirus Hp/Guangxi/LC03/2007]	627538
SRR14381429_cap3_Contig-185	317	1.04e-21	44.762	105	YP_010840811	RNA-dependent RNA polymerase [Brassica campestris chinensis coguvirus 1]	2894929
SRR14381429_cap3_Contig-186	315	1.57e-18	50.538	93	YP_009342053	hypothetical protein [Wuhan coneheads virus 1]	1923695
SRR14381429_cap3_Contig-187	310	6.50e-15	33.673	98	YP_009330050	hypothetical protein [Hubei myriapoda virus 1]	1922930
SRR14381429_cap3_Contig-188	310	2.39e-27	55.769	104	YP_009388589	RdRp [Wilkie narna-like virus 1]	2010280
SRR14381429_cap3_Contig-189	309	2.40e-07	31.068	103	YP_009342326	hypothetical protein [Wuhan house centipede virus 2]	1923706
SRR14381429_cap3_Contig-190	309	4.18e-16	37.634	93	YP_009330050	hypothetical protein [Hubei myriapoda virus 1]	1922930
SRR14381429_cap3_Contig-191	308	5.16e-29	56.863	102	YP_010800714	RdRP [Fusarium verticillioides mitovirus 1]	2793953
SRR14381429_cap3_Contig-192	308	4.26e-60	91.176	102	YP_009505809	capsid protein precursor [Bat astrovirus Hp/Guangxi/LC03/2007]	627538
SRR14381429_cap3_Contig-193	307	2.08e-20	38.835	103	YP_009337194	hypothetical protein [Hubei odonate virus 2]	1922997
SRR14381429_cap3_Contig-194	307	2.38e-21	42.574	101	YP_009330050	hypothetical protein [Hubei myriapoda virus 1]	1922930
SRR14381429_cap3_Contig-195	304	2.96e-28	61.458	96	YP_010769965	RNA-directed RNA polymerase [ssRNA phage SRR7976310_12]	2786674
SRR14381429_cap3_Contig-196	302	6.19e-47	74.000	100	YP_009664789	capsid protein precursor [Mamastrovirus 18]	1239582
SRR14381429_cap3_Contig-197	299	1.39e-21	42.424	99	YP_009552119	polyprotein [Varroa destructor virus 2]	2056384
SRR14381429_cap3_Contig-198	299	2.16e-20	42.268	97	YP_009337194	hypothetical protein [Hubei odonate virus 2]	1922997
SRR14381429_cap3_Contig-199	295	2.21e-27	52.577	97	YP_009175089	polyprotein [Rice necrosis mosaic virus]	59500
SRR14381429_cap3_Contig-200	295	6.62e-16	38.043	92	YP_009330050	hypothetical protein [Hubei myriapoda virus 1]	1922930
SRR14381429_cap3_Contig-201	289	0.003	38.776	49	NP_660177	RNA-dependent RNA polymerase [Saccharomyces 23S RNA narnavirus]	198599
SRR14381429_cap3_Contig-202	289	7.17e-46	75.000	92	YP_010800584	RNA-dependent RNA polymerase [Isopteran arli-related virus OKIAV103]	2746356
SRR14381429_cap3_Contig-203	286	1.05e-33	60.638	94	YP_009664787	polyprotein 1AB, partial [Mamastrovirus 18]	1239582
SRR14381429_cap3_Contig-204	285	3.84e-32	58.511	94	YP_009664787	polyprotein 1AB, partial [Mamastrovirus 18]	1239582
SRR14381429_cap3_Contig-205	285	1.72e-22	47.872	94	YP_009177218	polymerase [Suffolk virus]	1577137
SRR14381429_cap3_Contig-206	285	2.93e-35	67.368	95	YP_009664789	capsid protein precursor [Mamastrovirus 18]	1239582
SRR14381429_cap3_Contig-207	279	5.11e-19	41.111	90	YP_009337194	hypothetical protein [Hubei odonate virus 2]	1922997
SRR14381429_cap3_Contig-208	276	5.59e-06	100.000	21	YP_009505809	capsid protein precursor [Bat astrovirus Hp/Guangxi/LC03/2007]	627538
SRR14381429_cap3_Contig-209	275	5.67e-13	41.758	91	YP_009337742	RdRp [Hubei permutotetra-like virus 5]	1923079
SRR14381429_cap3_Contig-210	275	9.77e-14	45.882	85	YP_009342053	hypothetical protein [Wuhan coneheads virus 1]	1923695
SRR14381429_cap3_Contig-211	274	3.95e-33	62.637	91	YP_009664790	non-structural polyprotein 1AB, partial [Bat astrovirus Tm/Guangxi/LD38/2007]	627576
SRR14381429_cap3_Contig-212	274	1.79e-14	41.026	78	YP_009330050	hypothetical protein [Hubei myriapoda virus 1]	1922930
SRR14381429_cap3_Contig-213	271	1.76e-05	46.296	54	YP_004934008	unnamed protein product [Astrovirus MLB2]	683172
SRR14381429_cap3_Contig-214	270	7.01e-14	55.714	70	YP_009342053	hypothetical protein [Wuhan coneheads virus 1]	1923695
SRR14381429_cap3_Contig-215	268	0.003	43.182	44	YP_009047247	ORF1A nonstructural polyprotein [Bovine astrovirus CH13]	1522059
SRR14381429_cap3_Contig-216	267	1.67e-29	60.920	87	YP_010799928	RNA-dependent RNA polymerase [Entomophthora muscae mitovirus 5]	2557978
SRR14381429_cap3_Contig-217	267	0.80	27.119	59	YP_009903649	hypothetical protein H1O15_gp338 [Achromobacter phage Motura]	2591403
SRR14381429_cap3_Contig-218	266	2.13e-19	42.697	89	YP_009337194	hypothetical protein [Hubei odonate virus 2]	1922997
SRR14381429_cap3_Contig-219	264	2.83e-14	42.529	87	YP_009342321	hypothetical protein [Wuhan insect virus 13]	1923717
SRR14381429_cap3_Contig-220	263	1.95e-11	62.162	74	YP_009505809	capsid protein precursor [Bat astrovirus Hp/Guangxi/LC03/2007]	627538
SRR14381429_cap3_Contig-221	261	6.84e-32	65.116	86	YP_009330050	hypothetical protein [Hubei myriapoda virus 1]	1922930
SRR14381429_cap3_Contig-222	259	6.37e-24	48.235	85	YP_009177701	polymerase [Bole Tick Virus 3]	1608042
SRR14381429_cap3_Contig-223	259	8.35e-16	43.529	85	YP_009336939	hypothetical protein [Shahe heteroptera virus 1]	1923417
SRR14381429_cap3_Contig-224	257	1.07e-18	43.678	87	YP_009337284	hypothetical protein [Hubei picorna-like virus 28]	1923108
SRR14381429_cap3_Contig-225	255	9.70e-32	60.714	84	YP_010798334	polymerase [Mivirus sp.]	2599622
SRR14381429_cap3_Contig-226	254	1.34e-46	89.286	84	YP_009505809	capsid protein precursor [Bat astrovirus Hp/Guangxi/LC03/2007]	627538
SRR14381429_cap3_Contig-227	253	8.71e-16	48.750	80	YP_010802319	large protein [Armillaria mellea negative strand RNA virus 2]	2803971
SRR14381429_cap3_Contig-228	253	1.96e-14	44.330	97	YP_009664787	polyprotein 1AB, partial [Mamastrovirus 18]	1239582
SRR14381429_cap3_Contig-229	252	8.03e-05	40.217	92	YP_009664788	polyprotein 1a, partial [Mamastrovirus 18]	1239582
SRR14381429_cap3_Contig-230	252	2.71e-43	84.337	83	YP_009664790	non-structural polyprotein 1AB, partial [Bat astrovirus Tm/Guangxi/LD38/2007]	627576
SRR14381429_cap3_Contig-231	251	2.83e-16	40.244	82	YP_009046830	putative polyprotein [Yerba mate endornavirus]	1514896
SRR14381429_cap3_Contig-232	251	9.28e-36	69.880	83	YP_009664790	non-structural polyprotein 1AB, partial [Bat astrovirus Tm/Guangxi/LD38/2007]	627576
SRR14381429_cap3_Contig-233	250	9.76e-37	89.024	82	YP_010800208	RNA dependent RNA polymerase [Plasmopara viticola lesion associated ourmia-like virus 8]	2686553
SRR14381429_cap3_Contig-234	249	9.48e-18	55.556	72	YP_009333179	RNA-dependent RNA polymerase [Beihai barnacle virus 10]	1922354
SRR14381429_cap3_Contig-235	249	2.00e-19	52.703	74	YP_009047247	ORF1A nonstructural polyprotein [Bovine astrovirus CH13]	1522059
SRR14381429_cap3_Contig-236	248	6.61e-06	48.718	39	YP_009336802	RNA-dependent RNA polymerase [Hubei narna-like virus 9]	1922962
SRR14381429_cap3_Contig-237	248	1.04e-04	34.722	72	YP_009329882	RdRp [Wuhan insect virus 23]	1923727
SRR14381429_cap3_Contig-238	247	1.51e-20	51.220	82	YP_009336882	hypothetical protein 1 [Shahe picorna-like virus 11]	1923441
SRR14381429_cap3_Contig-239	247	4.22e-32	74.648	71	YP_009664789	capsid protein precursor [Mamastrovirus 18]	1239582
SRR14381429_cap3_Contig-240	246	0.001	44.444	45	YP_008219063	249 kDa protein [Burdock mottle virus]	1324959
SRR14381429_cap3_Contig-241	246	1.76e-35	73.750	80	YP_009505809	capsid protein precursor [Bat astrovirus Hp/Guangxi/LC03/2007]	627538
SRR14381429_cap3_Contig-242	245	7.35e-11	42.683	82	NP_059945	orf1ab polyprotein (orf1ab) [Mamastrovirus 13]	1239577
SRR14381429_cap3_Contig-243	245	3.11e-23	60.241	83	YP_009342321	hypothetical protein [Wuhan insect virus 13]	1923717
SRR14381429_cap3_Contig-244	244	3.68e-27	67.089	79	YP_009664789	capsid protein precursor [Mamastrovirus 18]	1239582
SRR14381429_cap3_Contig-245	244	6.12e-09	43.103	58	YP_008719905	polyprotein [Rhizoctonia cerealis alphaendornavirus 1]	1408133
SRR14381429_cap3_Contig-246	243	0.037	41.509	53	YP_009333245	RNA-dependent RNA polymerase [Beihai narna-like virus 24]	1922452
SRR14381429_cap3_Contig-247	243	7.59e-06	53.846	39	YP_009664784	capsid protein precursor [Bat astrovirus Tm/Guangxi/LD77/2007]	627585
SRR14381429_cap3_Contig-248	243	1.87e-30	63.158	76	YP_271922	putative dsRNA-dependent RNA polymerase [Penicillium stoloniferum virus F]	296210
SRR14381429_cap3_Contig-249	243	1.56e-11	37.805	82	YP_009345119	RNA-dependent RNA polymerase [Xinzhou nematode virus 3]	1923771
SRR14381429_cap3_Contig-250	243	2.53e-25	52.500	80	YP_009551507	putative RNA-dependent RNA polymerase [Pythium nunn virus 1]	2083275
SRR14381429_cap3_Contig-251	242	1.04e-10	41.975	81	NP_660178	RNA-dependent RNA polymerase [Saccharomyces 20S RNA narnavirus]	186772
SRR14381429_cap3_Contig-252	242	8.74e-30	65.000	80	YP_009315910	polyprotein [Botrytis cinerea betaendornavirus 1]	2169747
SRR14381429_cap3_Contig-253	242	3.78e-28	66.250	80	YP_010800259	RNA dependent RNA polymerase [Plasmopara viticola lesion associated ourmia-like virus 64]	2686536
SRR14381429_cap3_Contig-254	242	1.79e-23	50.000	80	YP_009177701	polymerase [Bole Tick Virus 3]	1608042
SRR14381429_cap3_Contig-255	241	4.45e-04	46.875	32	YP_009111311	polyprotein [Dinocampus coccinellae paralysis virus]	1541119
SRR14381429_cap3_Contig-256	238	2.84e-24	60.000	80	YP_009505809	capsid protein precursor [Bat astrovirus Hp/Guangxi/LC03/2007]	627538
SRR14381429_cap3_Contig-257	238	3.70e-25	62.025	79	YP_010769638	RNA-directed RNA polymerase [ssRNA phage Gerhypos.1_20]	2786202
SRR14381429_cap3_Contig-258	236	7.65e-19	50.575	87	NP_066241	replicase polyprotein [Acute bee paralysis virus]	92444
SRR14381429_cap3_Contig-259	235	1.04e-28	68.421	76	YP_009505809	capsid protein precursor [Bat astrovirus Hp/Guangxi/LC03/2007]	627538
SRR14381429_cap3_Contig-260	235	1.86e-25	60.256	78	YP_009505809	capsid protein precursor [Bat astrovirus Hp/Guangxi/LC03/2007]	627538
SRR14381429_cap3_Contig-261	235	3.5	48.000	25	YP_010755750	hypothetical protein QEH49_gp009 [Gordonia phage VanLee]	2845816
SRR14381429_cap3_Contig-262	235	2.26e-12	40.909	66	YP_009337367	hypothetical protein 2 [Hubei picorna-like virus 66]	1923149
SRR14381429_cap3_Contig-263	235	1.88e-25	60.000	75	YP_009177704	polymerase [Changping Tick Virus 2]	1608044
SRR14381429_cap3_Contig-264	235	4.58e-27	60.811	74	YP_009225665	putative RNA-dependent RNA polymerase [Panax notoginseng virus A]	1777016
SRR14381429_cap3_Contig-265	235	9.47e-05	36.709	79	YP_009388579	RdRp [Wilkie narna-like virus 2]	2010281
SRR14381429_cap3_Contig-266	234	0.024	28.916	83	YP_009270629	polyprotein [Picornavirales Bu-1]	1813615
SRR14381429_cap3_Contig-267	234	5.43e-06	38.983	59	YP_009333140	RNA-dependent RNA polymerase [Beihai narna-like virus 21]	1922449
SRR14381429_cap3_Contig-268	233	0.005	31.818	66	NP_705884	3D [Ljungan virus]	172314
SRR14381429_cap3_Contig-269	232	3.81e-33	68.831	77	YP_009333294	hypothetical protein 3 [Sanxia tombus-like virus 7]	1923391
SRR14381429_cap3_Contig-270	231	1.36e-09	36.111	72	YP_009342464	RdRp [Wuhan house centipede virus 5]	1923709
SRR14381429_cap3_Contig-271	231	8.17e-19	54.286	70	YP_009664787	polyprotein 1AB, partial [Mamastrovirus 18]	1239582
SRR14381429_cap3_Contig-272	230	1.76e-28	69.863	73	YP_009664790	non-structural polyprotein 1AB, partial [Bat astrovirus Tm/Guangxi/LD38/2007]	627576
SRR14381429_cap3_Contig-273	229	0.065	36.709	79	NP_445689	hypothetical protein SIFV0024 [Sulfolobus islandicus filamentous virus]	176106
SRR14381429_cap3_Contig-274	228	2.04e-29	68.421	76	YP_010799404	RNA-dependent RNA polymerase [Nigrospora oryzae mitovirus 1]	2497444
SRR14381429_cap3_Contig-275	228	6.81e-23	56.000	75	YP_009342286	hypothetical protein 1 [Wuhan arthropod virus 2]	1923691
SRR14381429_cap3_Contig-276	227	0.26	34.146	41	YP_009809507	methyltransferase [Caulobacter phage CcrPW]	2283271
SRR14381429_cap3_Contig-277	227	1.06e-21	61.333	75	YP_009505809	capsid protein precursor [Bat astrovirus Hp/Guangxi/LC03/2007]	627538
SRR14381429_cap3_Contig-278	227	2.40e-31	68.919	74	YP_271922	putative dsRNA-dependent RNA polymerase [Penicillium stoloniferum virus F]	296210
SRR14381429_cap3_Contig-279	225	1.14e-24	58.667	75	YP_010804538	MAG: RNA-dependent RNA polymerase [Pestalotiopsis botourmiavirus 3]	2816840
SRR14381429_cap3_Contig-280	225	1.99e-20	63.934	61	YP_009505809	capsid protein precursor [Bat astrovirus Hp/Guangxi/LC03/2007]	627538
SRR14381429_cap3_Contig-281	224	2.59e-19	68.852	61	YP_010800259	RNA dependent RNA polymerase [Plasmopara viticola lesion associated ourmia-like virus 64]	2686536
SRR14381429_cap3_Contig-282	223	3.15e-08	38.571	70	NP_624350	RNA-dependent RNA polymerase [Fusarium solani virus 1]	1511847
SRR14381429_cap3_Contig-283	223	9.47e-19	53.333	75	YP_010798869	RNA-dependent RNA polymerase [Ophiostoma mitovirus 1b]	348095
SRR14381429_cap3_Contig-284	221	9.16e-17	50.685	73	YP_009330031	hypothetical protein [Hubei picorna-like virus 46]	1923127
SRR14381429_cap3_Contig-285	221	7.1	41.935	31	YP_009330055	hypothetical protein [Hubei picorna-like virus 31]	1923111
SRR14381429_cap3_Contig-286	221	2.01e-29	69.444	72	YP_009664787	polyprotein 1AB, partial [Mamastrovirus 18]	1239582
SRR14381429_cap3_Contig-287	220	7.98e-22	65.152	66	YP_009505809	capsid protein precursor [Bat astrovirus Hp/Guangxi/LC03/2007]	627538
SRR14381429_cap3_Contig-288	220	3.56e-25	58.904	73	YP_010771252	RNA-directed RNA polymerase [ssRNA phage SRR7976299_17]	2786639
SRR14381429_cap3_Contig-289	219	7.02e-36	82.192	73	YP_010769638	RNA-directed RNA polymerase [ssRNA phage Gerhypos.1_20]	2786202
SRR14381429_cap3_Contig-290	219	6.98e-28	61.644	73	YP_009664781	polyprotein 1AB, partial [Mamastrovirus 14]	1239578
SRR14381429_cap3_Contig-291	218	1.25e-38	86.111	72	YP_009505809	capsid protein precursor [Bat astrovirus Hp/Guangxi/LC03/2007]	627538
SRR14381429_cap3_Contig-292	217	2.46e-17	52.778	72	YP_009333179	RNA-dependent RNA polymerase [Beihai barnacle virus 10]	1922354
SRR14381429_cap3_Contig-293	214	2.40e-32	81.429	70	YP_009345044	RNA-dependent RNA polymerase [Phomopsis longicolla RNA virus 1]	1779340
SRR14381429_cap3_Contig-294	214	1.72e-28	74.286	70	YP_009664790	non-structural polyprotein 1AB, partial [Bat astrovirus Tm/Guangxi/LD38/2007]	627576
SRR14381429_cap3_Contig-295	212	8.4	57.895	19	YP_003429375	P74 [Betabaculovirus arrapae]	362830
SRR14381429_cap3_Contig-296	212	1.73e-25	65.217	69	YP_009664783	non-structural polyprotein 1AB, partial [Bat astrovirus Tm/Guangxi/LD77/2007]	627585
SRR14381429_cap3_Contig-297	210	1.11e-11	45.070	71	YP_009337417	hypothetical protein 1 [Changjiang tombus-like virus 9]	1922823
SRR14381429_cap3_Contig-298	210	6.31e-09	47.761	67	YP_009330003	hypothetical protein 2 [Hubei sobemo-like virus 46]	1923234
SRR14381429_cap3_Contig-299	210	0.002	44.186	43	YP_009333331	RNA-dependent RNA polymerase [Zhejiang mosquito virus 3]	1923779
SRR14381429_cap3_Contig-300	210	9.43e-19	53.030	66	YP_009330012	hypothetical protein 2 [Hubei sobemo-like virus 34]	1923221
SRR14381429_cap3_Contig-301	209	6.38e-30	75.000	68	YP_009664790	non-structural polyprotein 1AB, partial [Bat astrovirus Tm/Guangxi/LD38/2007]	627576
SRR14381429_cap3_Contig-302	208	8.21e-10	56.604	53	YP_009330050	hypothetical protein [Hubei myriapoda virus 1]	1922930
SRR14381429_cap3_Contig-303	207	4.72e-26	73.529	68	YP_009272900	RNA-dependent RNA polymerase [Fusarium poae mitovirus 3]	1848152
SRR14381429_cap3_Contig-304	205	1.7	35.294	68	YP_009333331	RNA-dependent RNA polymerase [Zhejiang mosquito virus 3]	1923779
SRR14381429_cap3_Contig-305	204	1.40e-14	52.308	65	YP_003275951	non-structural protein [HMO Astrovirus A]	682382
SRR14381429_cap3_Contig-306	204	2.49e-12	44.828	58	YP_009333251	RNA-dependent RNA polymerase [Beihai narna-like virus 6]	1922458
SRR14381429_cap3_Contig-307	204	1.03e-20	54.412	68	YP_009337318	RdRp [Hubei permutotetra-like virus 6]	1923080
SRR14381429_cap3_Contig-308	204	7.78e-22	63.934	61	NP_659027	putative replicase [Gremmeniella abietina RNA virus MS1]	191436
SRR14381429_cap3_Contig-309	203	4.36e-12	43.939	66	YP_010800589	RNA-dependent RNA polymerase [Hemipteran arli-related virus OKIAV94]	2746357
SRR14381429_cap3_Contig-310	203	3.96e-27	74.242	66	YP_009664790	non-structural polyprotein 1AB, partial [Bat astrovirus Tm/Guangxi/LD38/2007]	627576
SRR14381429_cap3_Contig-311	203	1.70e-13	75.000	36	YP_009664787	polyprotein 1AB, partial [Mamastrovirus 18]	1239582
SRR14381429_cap3_Contig-312	202	3.37e-06	57.143	35	YP_009553634	RNA-dependent RNA polymerase [Blechomonas luni narnavirus 1]	2364200
SRR14381429_cap3_Contig-313	202	6.33e-09	39.062	64	YP_009333596	hypothetical protein 1 [Beihai picorna-like virus 91]	1922638
SRR14381429_cap3_Contig-314	201	7.19e-11	40.909	66	YP_009333139	RNA-dependent RNA polymerase [Beihai narna-like virus 22]	1922450
SRR14381429_cap3_Contig-315	201	5.39e-13	53.846	52	YP_009337194	hypothetical protein [Hubei odonate virus 2]	1922997
SRR14381429_cap3_Contig-316	200	0.001	36.508	63	YP_009553634	RNA-dependent RNA polymerase [Blechomonas luni narnavirus 1]	2364200
SRR14381429_cap3_Contig-317	200	0.050	35.484	62	YP_010797609	polyprotein [limnipivirus D1]	2116182
SRR14381429_cap3_Contig-318	200	1.01e-13	56.140	57	YP_009388498	RNA-dependent RNA polymerase [Neofusicoccum luteum mitovirus 1]	1985159
SRR14381429_cap3_Contig-319	197	7.64e-07	36.923	65	YP_009337619	RNA-dependent RNA polymerase [Wenzhou narna-like virus 9]	1923584
SRR14381429_cap3_Contig-320	196	8.54e-16	65.217	46	YP_009362092	putative RNA-dependent RNA polymerase [Bipolaris maydis partitivirus 1]	1980631
SRR14381429_cap3_Contig-321	196	3.22e-08	40.984	61	YP_009342053	hypothetical protein [Wuhan coneheads virus 1]	1923695
SRR14381429_cap3_Contig-322	195	0.17	25.424	59	YP_009333179	RNA-dependent RNA polymerase [Beihai barnacle virus 10]	1922354
SRR14381429_cap3_Contig-323	194	5.45e-09	66.667	42	YP_009342053	hypothetical protein [Wuhan coneheads virus 1]	1923695
SRR14381429_cap3_Contig-324	193	3.33e-12	59.615	52	YP_010798868	RNA-dependent RNA polymerase [Ophiostoma mitovirus 1a]	348094
SRR14381429_cap3_Contig-325	192	2.35e-10	56.410	39	YP_009337188	hypothetical protein 2 [Sanxia tombus-like virus 5]	1923389
SRR14381429_cap3_Contig-326	192	3.07e-16	56.452	62	YP_009505809	capsid protein precursor [Bat astrovirus Hp/Guangxi/LC03/2007]	627538
SRR14381429_cap3_Contig-327	190	1.97e-23	67.213	61	YP_009336655	hypothetical protein 1 [Hubei picorna-like virus 76]	1923160
SRR14381429_cap3_Contig-328	188	3.34e-16	57.377	61	YP_009165597	ORF [Binucleate Rhizoctonia mitovirus K1]	1712387
SRR14381429_cap3_Contig-329	187	4.52e-11	62.000	50	YP_009664788	polyprotein 1a, partial [Mamastrovirus 18]	1239582
SRR14381429_cap3_Contig-330	187	6.56e-21	66.129	62	YP_009505809	capsid protein precursor [Bat astrovirus Hp/Guangxi/LC03/2007]	627538
SRR14381429_cap3_Contig-331	183	2.62e-25	76.667	60	YP_009664790	non-structural polyprotein 1AB, partial [Bat astrovirus Tm/Guangxi/LD38/2007]	627576
SRR14381429_cap3_Contig-332	182	7.72e-34	91.667	60	YP_009505809	capsid protein precursor [Bat astrovirus Hp/Guangxi/LC03/2007]	627538
SRR14381429_cap3_Contig-333	180	0.004	33.898	59	YP_010840810	RNA-dependent RNA polymerase [Yunnan Paris negative-stranded virus]	2836142
SRR14381429_cap3_Contig-334	179	7.07e-14	59.322	59	YP_009664788	polyprotein 1a, partial [Mamastrovirus 18]	1239582
SRR14381429_cap3_Contig-335	178	3.63e-04	49.020	51	NP_660177	RNA-dependent RNA polymerase [Saccharomyces 23S RNA narnavirus]	198599
SRR14381429_cap3_Contig-336	178	7.49e-06	37.931	58	YP_010840341	RNA-directed RNA polymerase [Scaphoideus titanus bunya-like virus 1]	2716551
SRR14381429_cap3_Contig-337	177	1.04e-16	59.615	52	YP_009664790	non-structural polyprotein 1AB, partial [Bat astrovirus Tm/Guangxi/LD38/2007]	627576
SRR14381429_cap3_Contig-338	177	1.92e-14	56.897	58	YP_010799929	RNA-dependent RNA polymerase [Entomophthora muscae mitovirus 6]	2557979
SRR14381429_cap3_Contig-339	176	8.49e-32	91.379	58	YP_009505809	capsid protein precursor [Bat astrovirus Hp/Guangxi/LC03/2007]	627538
SRR14381429_cap3_Contig-340	175	5.15e-23	70.690	58	NP_795335	putative RNA-dependent RNA polymerase, partial [Mamastrovirus 10]	1239574
SRR14381429_cap3_Contig-341	174	8.66e-08	44.828	58	YP_009329869	RdRp [Beihai barnacle virus 13]	1922357
SRR14381429_cap3_Contig-342	172	1.73e-10	50.909	55	YP_006905858	ORF1a [Astrovirus VA3]	683174
SRR14381429_cap3_Contig-343	172	1.12e-09	46.429	56	YP_009342308	RdRp [Wuhan Millipede virus 4]	1923689
SRR14381429_cap3_Contig-344	169	6.21e-12	52.632	57	YP_009664785	polyprotein 1AB, partial [Mamastrovirus 16]	1239580
SRR14381429_cap3_Contig-345	169	1.62e-07	46.341	41	YP_009330283	RNA-dependent RNA polymerase [Hubei lepidoptera virus 1]	1922903
SRR14381429_cap3_Contig-346	166	3.93e-06	43.478	46	YP_010799173	RNA-dependent RNA polymerase [Buergenerula spartinae mitovirus 1]	1491780
SRR14381429_cap3_Contig-347	161	2.05e-12	50.000	52	YP_009664790	non-structural polyprotein 1AB, partial [Bat astrovirus Tm/Guangxi/LD38/2007]	627576
SRR14381429_cap3_Contig-348	160	4.60e-09	44.444	54	YP_003275951	non-structural protein [HMO Astrovirus A]	682382
SRR14381429_cap3_Contig-349	160	1.58e-15	83.784	37	YP_010800904	putative replicase [Jimsystermes virus]	2796600
SRR14381429_cap3_Contig-350	157	5.42e-05	43.750	48	YP_009329882	RdRp [Wuhan insect virus 23]	1923727
SRR14381429_cap3_Contig-351	154	7.03e-19	76.471	51	YP_010770350	RNA-directed RNA polymerase [ssRNA phage SRR7976310_17]	2786679
SRR14381429_cap3_Contig-352	153	0.043	56.522	23	YP_009329819	replicative protein [Bivalve RNA virus G2]	1926996
SRR14381429_cap3_Contig-353	152	1.75e-09	48.837	43	YP_003275951	non-structural protein [HMO Astrovirus A]	682382
SRR14381429_cap3_Contig-354	152	1.77e-16	62.000	50	YP_009664790	non-structural polyprotein 1AB, partial [Bat astrovirus Tm/Guangxi/LD38/2007]	627576
SRR14381429_cap3_Contig-355	151	2.68e-16	64.000	50	YP_007003830	ORF1ab [Porcine astrovirus 3]	1254425
SRR14381429_cap3_Contig-356	150	1.63e-14	70.213	47	YP_009272901	RNA-dependent RNA polymerase [Fusarium poae mitovirus 4]	1848153
SRR14381429_cap3_Contig-357	150	1.95e-21	71.429	49	YP_010771313	RNA-directed RNA polymerase [ssRNA phage Gephyllon.1_17]	2786116
SRR14381429_cap3_Contig-358	150	0.049	38.636	44	YP_009047246	ORF1AB nonstructural polyprotein [Bovine astrovirus CH13]	1522059
SRR14381429_cap3_Contig-359	150	9.65e-08	46.939	49	YP_006905858	ORF1a [Astrovirus VA3]	683174
SRR14381429_cap3_Contig-360	150	6.66e-08	55.263	38	YP_009507729	VP1 [Warrego virus]	40062
SRR14381429_cap3_Contig-361	150	9.14e-11	52.083	48	YP_009388609	RdRp [Aedes alboannulatus toti-like virus 1]	2010265
SRR14381429_cap3_Contig-362	150	1.50e-13	56.250	48	YP_009110667	polyprotein [Laodelphax striatellus picorna-like virus 2]	1566869
SRR14381429_cap3_Contig-363	150	2.78e-30	100.000	50	YP_001552234	ORF1ab polyprotein [Rhinolophus bat coronavirus HKU2]	693998
SRR14381429_cap3_Contig-364	150	1.80e-13	64.151	53	YP_009010978	ORF1ab [Porcine astrovirus 2]	1105378
SRR14381429_cap3_Contig-365	150	1.54e-06	43.478	46	YP_009241365	RNA-dependent RNA polymerase [Phytophthora infestans RNA virus 4]	1077832
SRR14381429_cap3_Contig-366	150	2.56e-20	79.167	48	YP_010804538	MAG: RNA-dependent RNA polymerase [Pestalotiopsis botourmiavirus 3]	2816840
SRR14381429_cap3_Contig-367	150	9.68e-08	48.837	43	YP_010798611	RdRp [megalopteran chu-related virus 119]	2847847
SRR14381429_cap3_Contig-368	150	0.004	43.750	32	YP_009330007	hypothetical protein 2 [Hubei sobemo-like virus 5]	1923238
SRR14381429_cap3_Contig-369	150	5.92e-07	44.898	49	YP_009508298	polyprotein [Shanbavirus A]	2170191
SRR14381429_cap3_Contig-370	150	1.78e-12	48.077	52	YP_009329996	hypothetical protein 2 [Hubei sobemo-like virus 47]	1923235
SRR14381429_cap3_Contig-371	150	1.11e-16	66.667	48	YP_009664787	polyprotein 1AB, partial [Mamastrovirus 18]	1239582
SRR14381429_cap3_Contig-372	150	5.85e-07	71.429	28	YP_009047078	ORF1ab [Human astrovirus BF34]	1518575
SRR14381429_cap3_Contig-373	150	6.44e-26	90.000	50	YP_009664789	capsid protein precursor [Mamastrovirus 18]	1239582
SRR14381429_cap3_Contig-374	150	8.53e-14	64.444	45	NP_624332	putative RNA dependent RNA polymerase [Gremmeniella abietina RNA virus L1]	152217
SRR14381429_cap3_Contig-375	150	1.15e-05	40.909	44	YP_009342461	hypothetical protein [Wuhan heteroptera virus 2]	1923702
SRR14381429_cap3_Contig-376	150	0.005	56.250	48	YP_009505809	capsid protein precursor [Bat astrovirus Hp/Guangxi/LC03/2007]	627538
SRR14381429_cap3_Contig-377	150	0.034	36.735	49	YP_006905855	ORF1a [Astrovirus VA4]	1247113
SRR14381429_cap3_Contig-378	150	1.91e-25	97.959	49	YP_009505809	capsid protein precursor [Bat astrovirus Hp/Guangxi/LC03/2007]	627538
SRR14381429_cap3_Contig-379	150	0.32	34.146	41	YP_002456069	terminase large subunit [Erwinia phage phiEa21-4]	557393
SRR14381429_cap3_Contig-380	150	1.27e-06	45.098	51	YP_009337783	RNA-dependent RNA polymerase [Hubei narna-like virus 15]	1922945
SRR14381429_cap3_Contig-381	150	1.82e-14	63.265	49	YP_009664790	non-structural polyprotein 1AB, partial [Bat astrovirus Tm/Guangxi/LD38/2007]	627576
SRR14381429_cap3_Contig-382	150	5.47e-19	73.469	49	YP_009664775	RNA-dependent RNA polymerase, partial [Bottlenose dolphin astrovirus 1]	645425
SRR14381429_cap3_Contig-383	150	1.29e-04	56.250	32	YP_009664789	capsid protein precursor [Mamastrovirus 18]	1239582
SRR14381429_cap3_Contig-384	150	1.73e-15	62.000	50	YP_009505809	capsid protein precursor [Bat astrovirus Hp/Guangxi/LC03/2007]	627538
SRR14381429_cap3_Contig-385	150	1.1	41.026	39	YP_010084248	hypothetical protein KM456_gp1 [Hubei rhabdo-like virus 6]	1923190
SRR14381429_cap3_Contig-386	150	5.05e-06	53.571	28	YP_002364399	polyprotein [Rabbit calicivirus Australia 1 MIC-07]	576948
SRR14381429_cap3_Contig-387	150	0.005	45.833	48	YP_009551961	RNA-dependent RNA polymerase [Gigaspora margarita mitovirus 4]	2082668
SRR14381429_cap3_Contig-388	150	4.51e-05	57.143	35	YP_009361830	polyprotein [Cosavirus F]	2003652
SRR14381429_cap3_Contig-389	150	2.03e-05	57.143	35	YP_009337731	hypothetical protein 3 [Hubei polero-like virus 2]	1923170
SRR14381429_cap3_Contig-390	150	3.57e-12	61.364	44	YP_010769746	RNA-directed RNA polymerase [ssRNA phage SRR6960803_6]	2786622
SRR14381429_cap3_Contig-391	150	6.75e-27	88.000	50	YP_009664789	capsid protein precursor [Mamastrovirus 18]	1239582
SRR14381429_cap3_Contig-392	150	1.36e-22	87.755	49	YP_009505809	capsid protein precursor [Bat astrovirus Hp/Guangxi/LC03/2007]	627538
SRR14381429_cap3_Contig-393	150	3.00e-06	53.333	30	YP_009272812	polyprotein [Washington bat picornavirus]	1888309
SRR14381429_cap3_Contig-394	150	1.74e-13	66.667	48	YP_009505809	capsid protein precursor [Bat astrovirus Hp/Guangxi/LC03/2007]	627538
SRR14381429_cap3_Contig-395	150	0.024	51.163	43	YP_009505809	capsid protein precursor [Bat astrovirus Hp/Guangxi/LC03/2007]	627538
SRR14381429_cap3_Contig-396	150	7.05e-09	82.143	28	YP_009664787	polyprotein 1AB, partial [Mamastrovirus 18]	1239582
SRR14381429_cap3_Contig-397	150	3.42e-11	54.000	50	YP_010769200	RNA-directed RNA polymerase [ssRNA phage Gerhypos.1_9]	2786240
SRR14381429_cap3_Contig-398	150	1.79e-10	50.980	51	YP_009664787	polyprotein 1AB, partial [Mamastrovirus 18]	1239582
SRR14381429_cap3_Contig-399	150	1.14e-12	70.213	47	YP_010799185	RNA-dependent RNA polymerase [Heterobasidion mitovirus 1]	1521172
SRR14381429_cap3_Contig-400	150	1.25e-07	54.286	35	YP_009551963	replicase [Cherry virus Trakiya]	2074132
SRR14381429_cap3_Contig-401	150	2.20e-19	73.469	49	YP_009664790	non-structural polyprotein 1AB, partial [Bat astrovirus Tm/Guangxi/LD38/2007]	627576
SRR14381429_cap3_Contig-402	150	2.65e-08	50.000	46	YP_009333140	RNA-dependent RNA polymerase [Beihai narna-like virus 21]	1922449
SRR14381429_cap3_Contig-403	150	2.01e-13	87.755	49	YP_009505809	capsid protein precursor [Bat astrovirus Hp/Guangxi/LC03/2007]	627538
SRR14381429_cap3_Contig-404	150	0.66	35.556	45	YP_010789604	bacterial type ATP-dependent Lon protease [Moumouvirus australiensis]	2109587
SRR14381429_cap3_Contig-405	150	2.64e-22	87.755	49	YP_010800289	RdRp [Plasmopara viticola lesion associated yadokari virus 1]	2692093
SRR14381429_cap3_Contig-406	150	5.56e-04	47.619	42	YP_009162617	nonstructural polyprotein [Dromedary astrovirus]	1662272
SRR14381429_cap3_Contig-407	150	0.074	44.828	29	YP_010781141	hypothetical protein QJ856_gp0224 [Tupanvirus deep ocean]	2126984
SRR14381429_cap3_Contig-408	150	3.85e-10	59.184	49	YP_010799925	RNA-dependent RNA polymerase [Entomophthora muscae mitovirus 2]	2557975
SRR14381429_cap3_Contig-409	150	1.30e-06	44.000	50	YP_003090286	non-structural protein 1ab [Astrovirus VA1]	645687
SRR14381429_cap3_Contig-410	150	0.087	33.333	42	YP_007518339	E4 ORF4 [Titi monkey adenovirus ECC-2011]	994672
SRR14381429_cap3_Contig-411	150	1.80e-23	84.783	46	YP_009664790	non-structural polyprotein 1AB, partial [Bat astrovirus Tm/Guangxi/LD38/2007]	627576
SRR14381429_cap3_Contig-412	150	1.55e-07	51.020	49	YP_009551961	RNA-dependent RNA polymerase [Gigaspora margarita mitovirus 4]	2082668
SRR14381429_cap3_Contig-413	150	8.04e-12	60.870	46	YP_009388498	RNA-dependent RNA polymerase [Neofusicoccum luteum mitovirus 1]	1985159
SRR14381429_cap3_Contig-414	150	1.00e-24	79.592	49	YP_010799569	RNA-dependent RNA polymerase [Zymoseptoria tritici fusarivirus 1]	2501222
SRR14381429_cap3_Contig-415	150	1.59e-08	52.083	48	YP_009047247	ORF1A nonstructural polyprotein [Bovine astrovirus CH13]	1522059
SRR14381429_cap3_Contig-416	150	5.01e-04	47.222	36	YP_009333139	RNA-dependent RNA polymerase [Beihai narna-like virus 22]	1922450
SRR14381429_cap3_Contig-417	150	1.74e-19	80.435	46	YP_010800246	RNA dependent RNA polymerase [Plasmopara viticola lesion associated ourmia-like virus 51]	2686522
SRR14381429_cap3_Contig-418	150	2.32e-04	47.222	36	YP_009304989	RNA-dependent RNA polymerase [Wenzhou Shrimp Virus 1]	1608095
SRR14381429_cap3_Contig-419	150	1.27e-15	70.833	48	YP_009664790	non-structural polyprotein 1AB, partial [Bat astrovirus Tm/Guangxi/LD38/2007]	627576
SRR14381429_cap3_Contig-420	150	1.06e-17	72.340	47	YP_009664790	non-structural polyprotein 1AB, partial [Bat astrovirus Tm/Guangxi/LD38/2007]	627576
SRR14381429_cap3_Contig-421	150	2.01e-08	46.939	49	YP_010797606	polyprotein [fipivirus F1]	2116197
SRR14381429_cap3_Contig-422	150	0.025	68.000	25	YP_010840693	RNA-dependent RNA polymerase [Ceraphron bunya-like virus]	2984168
SRR14381429_cap3_Contig-423	150	1.02e-25	95.918	49	YP_001552234	ORF1ab polyprotein [Rhinolophus bat coronavirus HKU2]	693998
SRR14381429_cap3_Contig-424	150	3.82e-10	80.000	30	YP_009337724	hypothetical protein 2 [Hubei picorna-like virus 51]	1923133
SRR14381429_cap3_Contig-425	150	2.66e-21	78.000	50	YP_009664790	non-structural polyprotein 1AB, partial [Bat astrovirus Tm/Guangxi/LD38/2007]	627576
SRR14381429_cap3_Contig-426	150	1.42e-20	76.000	50	YP_009664791	capsid protein precursor [Bat astrovirus Tm/Guangxi/LD38/2007]	627576
SRR14381429_cap3_Contig-427	150	2.61e-18	73.469	49	YP_009330050	hypothetical protein [Hubei myriapoda virus 1]	1922930
SRR14381429_cap3_Contig-428	150	3.55e-06	51.282	39	YP_009330007	hypothetical protein 2 [Hubei sobemo-like virus 5]	1923238
SRR14381429_cap3_Contig-429	150	8.91e-06	42.857	49	YP_009330010	hypothetical protein 2 [Hubei sobemo-like virus 10]	1923195
SRR14381429_cap3_Contig-430	150	0.015	41.026	39	YP_009333140	RNA-dependent RNA polymerase [Beihai narna-like virus 21]	1922449
SRR14381429_cap3_Contig-431	150	0.005	40.816	49	YP_009333245	RNA-dependent RNA polymerase [Beihai narna-like virus 24]	1922452
SRR14381429_cap3_Contig-432	150	6.38e-04	33.333	63	YP_010798880	RNA-dependent RNA polymerase [Entomophthora muscae mitovirus 8]	2557981
SRR14381429_cap3_Contig-433	150	1.23e-24	88.000	50	YP_009505809	capsid protein precursor [Bat astrovirus Hp/Guangxi/LC03/2007]	627538
SRR14381429_cap3_Contig-434	150	1.30e-11	89.796	49	YP_004782541	3D [Bat picornavirus 3]	1074865
SRR14381429_cap3_Contig-435	150	7.76e-26	93.750	48	YP_009351892	polyprotein [Pityohyphantes rubrofasciatus iflavirus]	1965238
SRR14381429_cap3_Contig-436	150	1.30e-17	63.265	49	YP_009664789	capsid protein precursor [Mamastrovirus 18]	1239582
SRR14381429_cap3_Contig-437	150	2.48e-04	89.474	19	YP_010839995	RdRp [Narangue virus]	2689367
SRR14381429_cap3_Contig-438	150	1.49e-12	73.529	34	YP_009664789	capsid protein precursor [Mamastrovirus 18]	1239582
SRR14381429_cap3_Contig-439	150	1.14e-05	41.667	48	YP_009329869	RdRp [Beihai barnacle virus 13]	1922357
SRR14381429_cap3_Contig-440	150	1.33e-15	67.347	49	YP_009115495	RNA-dependent RNA polymerase [Magnaporthe oryzae RNA virus]	1580607
SRR14381429_cap3_Contig-441	150	2.65e-04	40.426	47	YP_006905858	ORF1a [Astrovirus VA3]	683174
SRR14381429_cap3_Contig-442	150	5.26e-08	53.846	52	YP_009115495	RNA-dependent RNA polymerase [Magnaporthe oryzae RNA virus]	1580607
SRR14381429_cap3_Contig-443	150	2.93e-25	93.878	49	YP_009505809	capsid protein precursor [Bat astrovirus Hp/Guangxi/LC03/2007]	627538
SRR14381429_cap3_Contig-444	150	8.21e-09	42.000	50	YP_009664787	polyprotein 1AB, partial [Mamastrovirus 18]	1239582
SRR14381429_cap3_Contig-445	150	5.19e-13	69.388	49	YP_009505809	capsid protein precursor [Bat astrovirus Hp/Guangxi/LC03/2007]	627538
SRR14381429_cap3_Contig-446	150	5.23e-11	51.020	49	YP_010799926	RNA-dependent RNA polymerase [Entomophthora muscae mitovirus 3]	2557976
SRR14381429_cap3_Contig-447	150	0.002	50.000	40	YP_009664788	polyprotein 1a, partial [Mamastrovirus 18]	1239582
SRR14381429_cap3_Contig-448	150	3.70e-10	69.444	36	YP_009664791	capsid protein precursor [Bat astrovirus Tm/Guangxi/LD38/2007]	627576
SRR14381429_cap3_Contig-449	150	1.48e-14	65.217	46	YP_002284334	RNA-dependent RNA polymerase [Botrytis cinerea mitovirus 1]	444193
SRR14381429_cap3_Contig-450	150	4.28e-16	62.000	50	YP_009664787	polyprotein 1AB, partial [Mamastrovirus 18]	1239582
SRR14381429_cap3_Contig-451	150	0.001	44.186	43	YP_009337354	hypothetical protein 3 [Wenzhou sobemo-like virus 3]	1923659
SRR14381429_cap3_Contig-452	150	0.67	46.154	26	YP_010805609	MAG: hypothetical protein QKV38_gp1 [Xiangshan Nyami-like virus]	2886229
SRR14381429_cap3_Contig-453	150	1.1	37.500	32	YP_009844633	head maturation protease [Nodularia phage vB_NspS-kac65v151]	2557579
SRR14381429_cap3_Contig-454	150	5.69e-24	91.837	49	YP_009664789	capsid protein precursor [Mamastrovirus 18]	1239582
SRR14381429_cap3_Contig-455	150	5.30e-11	56.250	48	YP_009336939	hypothetical protein [Shahe heteroptera virus 1]	1923417
SRR14381429_cap3_Contig-456	150	0.038	38.889	36	YP_009666833	polyprotein [African eggplant mosaic virus]	3240745
SRR14381429_cap3_Contig-457	150	1.95e-15	58.333	48	YP_010771161	RNA-directed RNA polymerase [ssRNA phage Gerhypos.2_11]	2786243
SRR14381429_cap3_Contig-458	150	0.039	41.176	34	YP_009330007	hypothetical protein 2 [Hubei sobemo-like virus 5]	1923238
SRR14381429_cap3_Contig-459	150	1.6	41.379	29	YP_009807324	hypothetical protein HOT77_gp01 [Escherichia phage Vec13]	2783859
SRR14381429_cap3_Contig-460	150	1.87e-21	76.000	50	YP_009664789	capsid protein precursor [Mamastrovirus 18]	1239582
SRR14381429_cap3_Contig-461	150	2.3	43.750	32	YP_010780587	putative ORFan [Tupanvirus deep ocean]	2126984
SRR14381429_cap3_Contig-462	150	4.86e-19	67.347	49	YP_009508251	RNA directed RNA polymerase [Beauveria bassiana victorivirus 1]	1685109
SRR14381429_cap3_Contig-463	150	1.19e-04	43.182	44	YP_009052460	ORF1a [Feline astrovirus D1]	1538452
SRR14381429_cap3_Contig-464	150	0.003	41.667	48	YP_009333331	RNA-dependent RNA polymerase [Zhejiang mosquito virus 3]	1923779
SRR14381429_cap3_Contig-465	150	8.94e-11	48.000	50	NP_620560	nonstructural protein precursor [Himetobi P virus]	81583
SRR14381429_cap3_Contig-466	150	3.40e-19	77.083	48	YP_009664790	non-structural polyprotein 1AB, partial [Bat astrovirus Tm/Guangxi/LD38/2007]	627576
SRR14381429_cap3_Contig-467	150	7.97e-05	58.824	34	YP_009505809	capsid protein precursor [Bat astrovirus Hp/Guangxi/LC03/2007]	627538
SRR14381429_cap3_Contig-468	150	0.40	36.170	47	YP_009330273	RNA-dependent RNA polymerase [Beihai sesarmid crab virus 4]	1922664
SRR14381429_cap3_Contig-469	150	4.26e-23	85.714	49	YP_010800224	RNA dependent RNA polymerase [Plasmopara viticola lesion associated ourmia-like virus 24]	2686492
SRR14381429_cap3_Contig-470	150	5.83e-05	48.889	45	YP_009342461	hypothetical protein [Wuhan heteroptera virus 2]	1923702
SRR14381429_cap3_Contig-471	150	0.12	42.308	52	NP_795334	putative serine protase [Mamastrovirus 10]	1239574
SRR14381429_cap3_Contig-472	150	0.20	38.095	42	NP_734295	CI protein [Barley mild mosaic virus]	12466
SRR14381429_cap3_Contig-473	150	5.97e-21	79.592	49	YP_010799232	replicase [Agaricus bisporus mitovirus 1]	1945739
SRR14381429_cap3_Contig-474	150	5.92e-16	69.388	49	YP_009664790	non-structural polyprotein 1AB, partial [Bat astrovirus Tm/Guangxi/LD38/2007]	627576
SRR14381429_cap3_Contig-475	150	0.010	36.735	49	YP_009342461	hypothetical protein [Wuhan heteroptera virus 2]	1923702
SRR14381429_cap3_Contig-476	150	1.80e-15	71.154	52	YP_009505809	capsid protein precursor [Bat astrovirus Hp/Guangxi/LC03/2007]	627538
SRR14381429_cap3_Contig-477	150	5.66e-18	67.273	55	YP_010800273	RNA dependent RNA polymerase [Plasmopara viticola lesion associated ourmia-like virus 79]	2686552
SRR14381429_cap3_Contig-478	150	1.98e-05	40.816	49	YP_009329882	RdRp [Wuhan insect virus 23]	1923727
SRR14381429_cap3_Contig-479	150	9.88e-20	77.551	49	YP_010799184	RNA-dependent RNA polymerase [Hymenoscyphus fraxineus mitovirus 1]	1564031
SRR14381429_cap3_Contig-480	150	1.18e-04	38.298	47	YP_009551341	hypothetical protein EXH61_gp1 [Pythium polare bunya-like RNA virus 1]	2137352
SRR14381429_cap3_Contig-481	150	1.88e-13	83.673	49	YP_010800270	RNA dependent RNA polymerase [Plasmopara viticola lesion associated ourmia-like virus 76]	2686549
SRR14381429_cap3_Contig-482	150	3.55e-23	87.755	49	YP_009664789	capsid protein precursor [Mamastrovirus 18]	1239582
SRR14381429_cap3_Contig-483	150	6.29e-16	68.750	48	YP_009330055	hypothetical protein [Hubei picorna-like virus 31]	1923111
SRR14381429_cap3_Contig-484	150	2.35e-17	70.213	47	YP_009664789	capsid protein precursor [Mamastrovirus 18]	1239582
SRR14381429_cap3_Contig-485	150	8.24e-13	54.000	50	NP_734281	NIb protein [Oat mosaic virus]	157837
SRR14381429_cap3_Contig-486	150	2.06e-15	67.347	49	YP_009505809	capsid protein precursor [Bat astrovirus Hp/Guangxi/LC03/2007]	627538
SRR14381429_cap3_Contig-487	150	0.003	56.667	30	YP_009330080	hypothetical protein 2 [Hubei sobemo-like virus 48]	1923236
SRR14381429_cap3_Contig-488	150	1.93e-13	63.265	49	YP_010768978	RNA-directed RNA polymerase [ssRNA phage Zoerhiza.2_26]	2786806
SRR14381429_cap3_Contig-489	150	5.95e-04	48.649	37	NP_647602	polyprotein [Ljungan virus]	172314
SRR14381429_cap3_Contig-490	150	6.71e-04	45.714	35	YP_009336997	hypothetical protein 2 [Beihai sobemo-like virus 18]	1922689
SRR14381429_cap3_Contig-491	150	4.51e-06	40.816	49	YP_009329869	RdRp [Beihai barnacle virus 13]	1922357
SRR14381429_cap3_Contig-492	150	2.65e-07	39.130	46	NP_795334	putative serine protase [Mamastrovirus 10]	1239574
SRR14381429_cap3_Contig-493	150	5.41e-12	65.116	43	YP_010798870	RNA-dependent RNA polymerase [Ophiostoma mitovirus 3b]	348096
SRR14381429_cap3_Contig-494	150	4.08e-08	66.667	30	YP_007003830	ORF1ab [Porcine astrovirus 3]	1254425
SRR14381429_cap3_Contig-495	150	3.37e-15	65.957	47	YP_009664789	capsid protein precursor [Mamastrovirus 18]	1239582
SRR14381429_cap3_Contig-496	150	4.53e-05	39.583	48	YP_004782205	ORF1a [Mouse astrovirus M-52/USA/2008]	1074210
SRR14381429_cap3_Contig-497	150	0.001	41.860	43	YP_009330007	hypothetical protein 2 [Hubei sobemo-like virus 5]	1923238
SRR14381429_cap3_Contig-498	150	1.34e-24	85.714	49	YP_004782204	polyprotein [Bat picornavirus 3]	1074865
SRR14381429_cap3_Contig-499	150	1.46e-11	63.830	47	YP_009337712	hypothetical protein 2 [Hubei tombus-like virus 36]	1923284
SRR14381429_cap3_Contig-500	150	2.86e-06	44.681	47	YP_009342461	hypothetical protein [Wuhan heteroptera virus 2]	1923702
SRR14381429_cap3_Contig-501	150	9.11e-16	67.347	49	YP_009330050	hypothetical protein [Hubei myriapoda virus 1]	1922930
SRR14381429_cap3_Contig-502	150	5.73e-10	59.524	42	YP_009551340	ORF3 [Varroa destructor virus 3]	2056385
SRR14381429_cap3_Contig-503	150	2.04e-04	33.333	63	YP_009362093	RNA-dependent RNA polymerase [Orthohantavirus delgaditoense]	3052476
SRR14381429_cap3_Contig-504	150	0.26	40.426	47	YP_010771088	RNA-directed RNA polymerase, partial [ssRNA phage SRR6960509_16]	2786527
SRR14381429_cap3_Contig-505	150	2.47e-13	59.184	49	YP_009664790	non-structural polyprotein 1AB, partial [Bat astrovirus Tm/Guangxi/LD38/2007]	627576
SRR14381429_cap3_Contig-506	150	9.09e-11	61.224	49	YP_009664787	polyprotein 1AB, partial [Mamastrovirus 18]	1239582
SRR14381429_cap3_Contig-507	150	0.037	37.209	43	YP_010840811	RNA-dependent RNA polymerase [Brassica campestris chinensis coguvirus 1]	2894929
SRR14381429_cap3_Contig-508	150	9.88e-13	58.333	48	YP_010800211	RNA dependent RNA polymerase [Plasmopara viticola lesion associated ourmia-like virus 11]	2686478
SRR14381429_cap3_Contig-509	150	5.74e-17	62.000	50	YP_010799569	RNA-dependent RNA polymerase [Zymoseptoria tritici fusarivirus 1]	2501222
SRR14381429_cap3_Contig-510	150	2.18e-18	70.833	48	YP_009664790	non-structural polyprotein 1AB, partial [Bat astrovirus Tm/Guangxi/LD38/2007]	627576
SRR14381429_cap3_Contig-511	150	3.31e-17	69.388	49	YP_010800225	RNA dependent RNA polymerase [Plasmopara viticola lesion associated ourmia-like virus 25]	2686493
SRR14381429_cap3_Contig-512	150	2.32e-11	54.545	44	YP_009330050	hypothetical protein [Hubei myriapoda virus 1]	1922930
SRR14381429_cap3_Contig-513	150	4.7	37.037	27	YP_010805187	polymerase-associated protein [Rhabdoviridae sp.]	1955137
SRR14381429_cap3_Contig-514	150	2.10e-15	60.000	50	YP_009177704	polymerase [Changping Tick Virus 2]	1608044
SRR14381429_cap3_Contig-515	150	1.40e-20	79.592	49	YP_009664790	non-structural polyprotein 1AB, partial [Bat astrovirus Tm/Guangxi/LD38/2007]	627576
SRR14381429_cap3_Contig-516	150	6.87e-14	63.265	49	YP_010799171	RNA-dependent RNA polymerase [Sclerotinia sclerotiorum mitovirus 6]	1435446
SRR14381429_cap3_Contig-517	150	0.001	48.889	45	YP_009047246	ORF1AB nonstructural polyprotein [Bovine astrovirus CH13]	1522059
SRR14381429_cap3_Contig-518	150	4.37e-09	52.381	42	YP_009551963	replicase [Cherry virus Trakiya]	2074132
SRR14381429_cap3_Contig-519	150	1.21e-07	60.000	35	YP_010799576	putative RNA-dependent RNA polymerase [Rhizoctonia solani mitovirus 31]	2599422
SRR14381429_cap3_Contig-520	150	2.18e-09	64.516	31	YP_003090286	non-structural protein 1ab [Astrovirus VA1]	645687
SRR14381429_cap3_Contig-521	150	1.20e-07	50.000	46	YP_009664789	capsid protein precursor [Mamastrovirus 18]	1239582
SRR14381429_cap3_Contig-522	150	1.41e-04	42.857	49	YP_010085115	RNA-dependent RNA polymerase [Fusarium graminearum dsRNA mycovirus 2]	254946
SRR14381429_cap3_Contig-523	150	2.0	31.250	32	NP_619735	hypothetical 34K protein [Pea enation mosaic virus 1]	193121
SRR14381429_cap3_Contig-524	150	3.74e-24	91.837	49	YP_009505809	capsid protein precursor [Bat astrovirus Hp/Guangxi/LC03/2007]	627538
SRR14381429_cap3_Contig-525	150	8.29e-14	69.231	39	YP_009330050	hypothetical protein [Hubei myriapoda virus 1]	1922930
SRR14381429_cap3_Contig-526	150	7.44e-05	42.500	40	NP_066241	replicase polyprotein [Acute bee paralysis virus]	92444
SRR14381429_cap3_Contig-527	145	2.95e-17	60.000	45	NP_705701	RNA-dependent RNA polymerase [Beet necrotic yellow vein virus]	31721
SRR14381429_cap3_Contig-528	142	5.03e-13	63.636	44	NP_660181	RNA-dependent RNA polymerase, putative [Ophiostoma mitovirus 6]	88389
SRR14381429_cap3_Contig-529	142	1.76e-12	58.696	46	YP_010768995	RNA-directed RNA polymerase [ssRNA phage SRR6960549_2]	2786539
